"EventoUI","Categoria","SonidoDeclarado","AssetOriginal","Hash","CopiaPorEvento","CopiaPorCategoria","ArchivoUnico"
"ui.button.click","Botones","random/click_stereo","minecraft/sounds/random/click_stereo.ogg","f0ca66561f832bf2f60b393837297c2692367cd5","C:\Users\marco\Desktop\Minecraft_UI_Sounds_Organizado\01_Por_Evento\ui.button.click\01_click_stereo.ogg","C:\Users\marco\Desktop\Minecraft_UI_Sounds_Organizado\02_Por_Categoria\Botones\ui.button.click\01_click_stereo.ogg","C:\Users\marco\Desktop\Minecraft_UI_Sounds_Organizado\03_Archivos_Unicos\Botones__ui.button.click__click_stereo.ogg"
"ui.cartography_table.take_result","Cartography","ui/cartography_table/drawmap1","minecraft/sounds/ui/cartography_table/drawmap1.ogg","0fefe0a800702935cef8ff888cb2d711f0220628","C:\Users\marco\Desktop\Minecraft_UI_Sounds_Organizado\01_Por_Evento\ui.cartography_table.take_result\01_drawmap1.ogg","C:\Users\marco\Desktop\Minecraft_UI_Sounds_Organizado\02_Por_Categoria\Cartography\ui.cartography_table.take_result\01_drawmap1.ogg","C:\Users\marco\Desktop\Minecraft_UI_Sounds_Organizado\03_Archivos_Unicos\Cartography__ui.cartography_table.take_result__drawmap1.ogg"
"ui.cartography_table.take_result","Cartography","ui/cartography_table/drawmap2","minecraft/sounds/ui/cartography_table/drawmap2.ogg","c806bde5aa9dd27c81832f82c7a27a208f5b0a04","C:\Users\marco\Desktop\Minecraft_UI_Sounds_Organizado\01_Por_Evento\ui.cartography_table.take_result\02_drawmap2.ogg","C:\Users\marco\Desktop\Minecraft_UI_Sounds_Organizado\02_Por_Categoria\Cartography\ui.cartography_table.take_result\02_drawmap2.ogg","C:\Users\marco\Desktop\Minecraft_UI_Sounds_Organizado\03_Archivos_Unicos\Cartography__ui.cartography_table.take_result__drawmap2.ogg"
"ui.cartography_table.take_result","Cartography","ui/cartography_table/drawmap3","minecraft/sounds/ui/cartography_table/drawmap3.ogg","5935a6c4874744a39f96527e5eca40ac94fb0b74","C:\Users\marco\Desktop\Minecraft_UI_Sounds_Organizado\01_Por_Evento\ui.cartography_table.take_result\03_drawmap3.ogg","C:\Users\marco\Desktop\Minecraft_UI_Sounds_Organizado\02_Por_Categoria\Cartography\ui.cartography_table.take_result\03_drawmap3.ogg","C:\Users\marco\Desktop\Minecraft_UI_Sounds_Organizado\03_Archivos_Unicos\Cartography__ui.cartography_table.take_result__drawmap3.ogg"
"ui.hud.bubble_pop","HUD","ui/hud/hud_bubble","minecraft/sounds/ui/hud/hud_bubble.ogg","08706ea135117fcc5b3385e817c3ad27765f03d7","C:\Users\marco\Desktop\Minecraft_UI_Sounds_Organizado\01_Por_Evento\ui.hud.bubble_pop\01_hud_bubble.ogg","C:\Users\marco\Desktop\Minecraft_UI_Sounds_Organizado\02_Por_Categoria\HUD\ui.hud.bubble_pop\01_hud_bubble.ogg","C:\Users\marco\Desktop\Minecraft_UI_Sounds_Organizado\03_Archivos_Unicos\HUD__ui.hud.bubble_pop__hud_bubble.ogg"
"ui.loom.select_pattern","Loom","ui/loom/select_pattern1","minecraft/sounds/ui/loom/select_pattern1.ogg","e0391aeb167a8be978b25b5f415a5d655c40153b","C:\Users\marco\Desktop\Minecraft_UI_Sounds_Organizado\01_Por_Evento\ui.loom.select_pattern\01_select_pattern1.ogg","C:\Users\marco\Desktop\Minecraft_UI_Sounds_Organizado\02_Por_Categoria\Loom\ui.loom.select_pattern\01_select_pattern1.ogg","C:\Users\marco\Desktop\Minecraft_UI_Sounds_Organizado\03_Archivos_Unicos\Loom__ui.loom.select_pattern__select_pattern1.ogg"
"ui.loom.select_pattern","Loom","ui/loom/select_pattern2","minecraft/sounds/ui/loom/select_pattern2.ogg","a1a7b885db05e48a2f452de75d1cca4c8703f637","C:\Users\marco\Desktop\Minecraft_UI_Sounds_Organizado\01_Por_Evento\ui.loom.select_pattern\02_select_pattern2.ogg","C:\Users\marco\Desktop\Minecraft_UI_Sounds_Organizado\02_Por_Categoria\Loom\ui.loom.select_pattern\02_select_pattern2.ogg","C:\Users\marco\Desktop\Minecraft_UI_Sounds_Organizado\03_Archivos_Unicos\Loom__ui.loom.select_pattern__select_pattern2.ogg"
"ui.loom.select_pattern","Loom","ui/loom/select_pattern3","minecraft/sounds/ui/loom/select_pattern3.ogg","dab140dbe86d882c6b370df754309447ab3f16a7","C:\Users\marco\Desktop\Minecraft_UI_Sounds_Organizado\01_Por_Evento\ui.loom.select_pattern\03_select_pattern3.ogg","C:\Users\marco\Desktop\Minecraft_UI_Sounds_Organizado\02_Por_Categoria\Loom\ui.loom.select_pattern\03_select_pattern3.ogg","C:\Users\marco\Desktop\Minecraft_UI_Sounds_Organizado\03_Archivos_Unicos\Loom__ui.loom.select_pattern__select_pattern3.ogg"
"ui.loom.select_pattern","Loom","ui/loom/select_pattern4","minecraft/sounds/ui/loom/select_pattern4.ogg","69a546fd8202436096224a45b044b33e321c3bd5","C:\Users\marco\Desktop\Minecraft_UI_Sounds_Organizado\01_Por_Evento\ui.loom.select_pattern\04_select_pattern4.ogg","C:\Users\marco\Desktop\Minecraft_UI_Sounds_Organizado\02_Por_Categoria\Loom\ui.loom.select_pattern\04_select_pattern4.ogg","C:\Users\marco\Desktop\Minecraft_UI_Sounds_Organizado\03_Archivos_Unicos\Loom__ui.loom.select_pattern__select_pattern4.ogg"
"ui.loom.select_pattern","Loom","ui/loom/select_pattern5","minecraft/sounds/ui/loom/select_pattern5.ogg","e218e23e5181d2f0539469d483cad553db5d1b60","C:\Users\marco\Desktop\Minecraft_UI_Sounds_Organizado\01_Por_Evento\ui.loom.select_pattern\05_select_pattern5.ogg","C:\Users\marco\Desktop\Minecraft_UI_Sounds_Organizado\02_Por_Categoria\Loom\ui.loom.select_pattern\05_select_pattern5.ogg","C:\Users\marco\Desktop\Minecraft_UI_Sounds_Organizado\03_Archivos_Unicos\Loom__ui.loom.select_pattern__select_pattern5.ogg"
"ui.loom.take_result","Loom","ui/loom/take_result1","minecraft/sounds/ui/loom/take_result1.ogg","2f19ae244c92e4ed7fa8c205c0341f1f3a4cc67e","C:\Users\marco\Desktop\Minecraft_UI_Sounds_Organizado\01_Por_Evento\ui.loom.take_result\01_take_result1.ogg","C:\Users\marco\Desktop\Minecraft_UI_Sounds_Organizado\02_Por_Categoria\Loom\ui.loom.take_result\01_take_result1.ogg","C:\Users\marco\Desktop\Minecraft_UI_Sounds_Organizado\03_Archivos_Unicos\Loom__ui.loom.take_result__take_result1.ogg"
"ui.loom.take_result","Loom","ui/loom/take_result2","minecraft/sounds/ui/loom/take_result2.ogg","35c280803fdd75a413b84070bf4fa9d0e65b7d43","C:\Users\marco\Desktop\Minecraft_UI_Sounds_Organizado\01_Por_Evento\ui.loom.take_result\02_take_result2.ogg","C:\Users\marco\Desktop\Minecraft_UI_Sounds_Organizado\02_Por_Categoria\Loom\ui.loom.take_result\02_take_result2.ogg","C:\Users\marco\Desktop\Minecraft_UI_Sounds_Organizado\03_Archivos_Unicos\Loom__ui.loom.take_result__take_result2.ogg"
"ui.stonecutter.select_recipe","Stonecutter","random/click","minecraft/sounds/random/click.ogg","3455ca942556c7d5eac7dd5e458e7fb3bad564c9","C:\Users\marco\Desktop\Minecraft_UI_Sounds_Organizado\01_Por_Evento\ui.stonecutter.select_recipe\01_click.ogg","C:\Users\marco\Desktop\Minecraft_UI_Sounds_Organizado\02_Por_Categoria\Stonecutter\ui.stonecutter.select_recipe\01_click.ogg","C:\Users\marco\Desktop\Minecraft_UI_Sounds_Organizado\03_Archivos_Unicos\Stonecutter__ui.stonecutter.select_recipe__click.ogg"
"ui.stonecutter.take_result","Stonecutter","ui/stonecutter/cut1","minecraft/sounds/ui/stonecutter/cut1.ogg","0cce5dacf1a8f44502b8e22cff699e6903deb13c","C:\Users\marco\Desktop\Minecraft_UI_Sounds_Organizado\01_Por_Evento\ui.stonecutter.take_result\01_cut1.ogg","C:\Users\marco\Desktop\Minecraft_UI_Sounds_Organizado\02_Por_Categoria\Stonecutter\ui.stonecutter.take_result\01_cut1.ogg","C:\Users\marco\Desktop\Minecraft_UI_Sounds_Organizado\03_Archivos_Unicos\Stonecutter__ui.stonecutter.take_result__cut1.ogg"
"ui.stonecutter.take_result","Stonecutter","ui/stonecutter/cut2","minecraft/sounds/ui/stonecutter/cut2.ogg","daeb5ce102282ed1b537b15ffb98ac25bd5602da","C:\Users\marco\Desktop\Minecraft_UI_Sounds_Organizado\01_Por_Evento\ui.stonecutter.take_result\02_cut2.ogg","C:\Users\marco\Desktop\Minecraft_UI_Sounds_Organizado\02_Por_Categoria\Stonecutter\ui.stonecutter.take_result\02_cut2.ogg","C:\Users\marco\Desktop\Minecraft_UI_Sounds_Organizado\03_Archivos_Unicos\Stonecutter__ui.stonecutter.take_result__cut2.ogg"
"ui.toast.challenge_complete","Toast","ui/toast/challenge_complete","minecraft/sounds/ui/toast/challenge_complete.ogg","bd01dff39a7bd1e0e7f6847f7aee981f157e4f94","C:\Users\marco\Desktop\Minecraft_UI_Sounds_Organizado\01_Por_Evento\ui.toast.challenge_complete\01_challenge_complete.ogg","C:\Users\marco\Desktop\Minecraft_UI_Sounds_Organizado\02_Por_Categoria\Toast\ui.toast.challenge_complete\01_challenge_complete.ogg","C:\Users\marco\Desktop\Minecraft_UI_Sounds_Organizado\03_Archivos_Unicos\Toast__ui.toast.challenge_complete__challenge_complete.ogg"
"ui.toast.in","Toast","ui/toast/in","minecraft/sounds/ui/toast/in.ogg","506f2fdb1b7530df66134aa04c71e66513df0c93","C:\Users\marco\Desktop\Minecraft_UI_Sounds_Organizado\01_Por_Evento\ui.toast.in\01_in.ogg","C:\Users\marco\Desktop\Minecraft_UI_Sounds_Organizado\02_Por_Categoria\Toast\ui.toast.in\01_in.ogg","C:\Users\marco\Desktop\Minecraft_UI_Sounds_Organizado\03_Archivos_Unicos\Toast__ui.toast.in__in.ogg"
"ui.toast.out","Toast","ui/toast/out","minecraft/sounds/ui/toast/out.ogg","984a7d9501fd7d679c1c91af756ca8633beb09b6","C:\Users\marco\Desktop\Minecraft_UI_Sounds_Organizado\01_Por_Evento\ui.toast.out\01_out.ogg","C:\Users\marco\Desktop\Minecraft_UI_Sounds_Organizado\02_Por_Categoria\Toast\ui.toast.out\01_out.ogg","C:\Users\marco\Desktop\Minecraft_UI_Sounds_Organizado\03_Archivos_Unicos\Toast__ui.toast.out__out.ogg"
